<?xml version="1.0" encoding="UTF-8"?>
<project-private xmlns="http://www.netbeans.org/ns/project-private/1">
    <editor-bookmarks xmlns="http://www.netbeans.org/ns/editor-bookmarks/2" lastBookmarkId="0"/>
    <open-files xmlns="http://www.netbeans.org/ns/projectui-open-files/2">
        <group>
            <file>file:/D:/Documentos/NetBeansProjects/canales/src/USNBC.java</file>
            <file>file:/D:/Documentos/NetBeansProjects/canales/src/EcoC.java</file>
            <file>file:/D:/Documentos/NetBeansProjects/canales/src/EcoS.java</file>
            <file>file:/D:/Documentos/NetBeansProjects/canales/src/Receiver.java</file>
            <file>file:/D:/Documentos/NetBeansProjects/canales/src/Objeto.java</file>
            <file>file:/D:/Documentos/NetBeansProjects/canales/src/Sender.java</file>
            <file>file:/D:/Documentos/NetBeansProjects/canales/src/CNB.java</file>
            <file>file:/D:/Documentos/NetBeansProjects/canales/src/SNB.java</file>
        </group>
    </open-files>
</project-private>
